ID,Address,Latitude,Longtitude
0,"ampang, jalan cahaya 15",3.1449836,101.7594994
1,"ampang, jalan cahaya 15",3.1449836,101.7594994
2,"ampang, jalan dagang 8a",3.1344646,101.7775601
3,"ampang, jalan dagang 10",3.1345373,101.7763681
4,"subang jaya, jalan usj 1/33",3.0489518,101.5997035
5,"subang jaya, jalan usj 1/31",3.0479988,101.5989691
6,"subang jaya, jalan usj 1/33",3.0489518,101.5997035
7,"subang jaya, jalan usj 1/33",3.0489518,101.5997035
8,"subang jaya, jalan usj 1/33",3.0489518,101.5997035
9,"subang jaya, ss 13/3f",3.0695499,101.5953263
10,"subang jaya, jalan ss13/3e",3.068417,101.5982366
11,"subang jaya, jalan ss 13/3b",3.0703478,101.5979657
12,"subang jaya, jalan ss 13/6c",3.0676356,101.5995145
13,"subang jaya, jalan ss 13/6b",3.066329,101.5983729
14,"serendah, jalan sungai choh",3.3522114,101.5815692
15,"semenyih, jalan 1, kawasan perindustrian hi-tech 2",2.9759054,101.8660717
16,"semenyih, jalan 1, kawasan perindustrian hi-tech 2",2.9759054,101.8660717
17,"semenyih, jalan hi-tech 5",2.9905507,101.8671799
18,"semenyih, jalan 1",2.9753623,101.8667409
19,"semenyih, jalan hi-tech 6",2.9909355,101.8659943
20,"semenyih, jalan 1, kawasan perindustrian hi-tech 2",2.9759054,101.8660717
21,"semenyih, jalan 1, kawasan perindustrian hi-tech 2",2.9759054,101.8660717
22,"kajang, jalan perindustrian bj 2t 1/1",3.0133685,101.7433215
23,"kajang, off jalan simpang balak",3.0164511,101.7769009
24,"klang, jalan perusahaan 27",2.9964702,101.4234531
25,"klang, jalan saksama 25/39",3.0365015,101.5344834
26,"klang, jalan unggul 25/40",3.0351079,101.5351891
27,"selayang, jalan su 23",3.2379503,101.6406231
28,"petaling jaya, ss8/4",3.0883247,101.6103232
29,"petaling jaya, ss8/6",3.0904889,101.6078927
30,"shah alam, jalan sp 4/1",3.1481476,101.543575
31,"shah alam, jalan tpp 5/5",3.0303477,101.6020876
32,"rawang, jalan bj 6",3.3072958,101.555938
33,"rawang, jalan bj 7",3.333367,101.582768
34,"rawang, jalan bj 5",3.3063681,101.5565338
35,"rawang, jalan bj7",3.307376,101.5557386
36,"rawang, jalan bj7",3.307376,101.5557386
37,"rawang, & aiÅLaiÅL, jalan bj 2",3.3089609,101.5550309
38,"rawang, jalan bj 5",3.3063681,101.5565338
39,"rawang, jalan bj 5",3.3063681,101.5565338
40,"rawang, jalan bj 6",3.3072958,101.555938
41,"rawang, jalan bj 7",3.333367,101.582768
42,"rawang, jalan 3",3.3028238,101.5921994
43,"rawang, jalan 3",3.3028238,101.5921994
44,"rawang, jalan 4",3.3040763,101.5890043
45,"rawang, jalan 4",3.3040763,101.5890043
46,"rawang, jalan",3.2088403,101.477114
47,"rawang, jalan 4",3.3040763,101.5890043
48,"rawang, jalan 4",3.3040763,101.5890043
49,"rawang, jalan 5",3.3056918,101.5766523
50,"rawang, jalan 4",3.3040763,101.5890043
51,"rawang, jalan empat",3.3068125,101.5876797
52,"rawang, jalan industri 2/1",3.302478,101.5566381
53,"rawang, jalan 3/6",3.3386432,101.5809686
54,"rawang, jalan perindustrian hijau 4",3.3339705,101.5765974
55,"rawang, jalan seri hijau 6",3.3288947,101.5760049
56,"rawang, jalan perindustrian hijau 4",3.3339705,101.5765974
57,"rawang, jalan perindustrian hijau 2",3.333833,101.575276
58,"rawang, jalan perindustrian hijau 2",3.333833,101.575276
59,"rawang, jalan perindustrian hijau 2",3.333833,101.575276
60,"rawang, jalan velox 2",3.3168173,101.5218958
61,"rawang, jalan velox 2",3.3168173,101.5218958
62,"rawang, jalan velox 2",3.3168173,101.5218958
63,"rawang, jalan velox 1 rawang",3.316843,101.52131
64,"rawang, jalan velox 1 rawang",3.316843,101.52131
65,"rawang, jalan velox 2",3.3168173,101.5218958
66,"rawang, jalan velox 1",3.316843,101.52131
67,"rawang, jalan velox 2",3.3168173,101.5218958
68,"rawang, jalan velox 1",3.316843,101.52131
69,"rawang, jalan velox 1",3.316843,101.52131
70,"rawang, jalan sms 3",3.3115549,101.5946074
71,"rawang, jalan sms 2",3.3115549,101.5946074
72,"rawang, jalan sms 2",3.3115549,101.5946074
73,"rawang, jalan sms 3",3.3115549,101.5946074
74,"rawang, jalan sms 3a",3.3115549,101.5946074
75,"rawang, jalan sms 1",3.3115549,101.5946074
76,"rawang, jalan sms 3",3.3115549,101.5946074
77,"rawang, jalan rawang perdana",3.3010427,101.6069044
78,"rawang, jalan sms 1",3.3115549,101.5946074
79,"rawang, jalan perusahaan 3/1",3.3377748,101.5765601
80,"rawang, jalan perusahaan 3",3.3370795,101.5769715
81,"rawang, jalan perusahaan 3/3",3.3363727,101.5765509
82,"rawang, jalan perusahaan 3/1",3.3377748,101.5765601
83,"rawang, jalan perusahaan 3/3",3.3363727,101.5765509
84,"rawang, jalan perusahaan 3/3",3.3363727,101.5765509
85,"rawang, jalan kri 7",3.2972921,101.5690622
86,"rawang, jalan kri 3",3.2964112,101.5721688
87,"rawang, jalan kri 3",3.2964112,101.5721688
88,"rawang, jalan kri 5",3.2970973,101.5705611
89,"rawang, jalan kri 2",3.2971477,101.5717152
90,"rawang, jalan kri 2",3.2971477,101.5717152
91,"rawang, industri rumah panjang apmc",3.2951584,101.5736736
92,"rawang, industri rumah panjang apmc",3.2951584,101.5736736
93,"rawang, jalan kiri 2",3.2524039,101.6795367
94,"rawang, jalan kri 2",3.2971477,101.5717152
96,"rawang, jalan kpk 1/7",3.287684,101.5196202
97,"rawang, jalan kpk 1/8",3.2876631,101.5182179
98,"rawang, jalan kpk 1/8",3.2876631,101.5182179
99,"rawang, jalan kpk 1/5",3.2893306,101.5208366
100,"rawang, jalan kpk 1/7",3.287684,101.5196202
101,"rawang, jalan kpk 1/7",3.287684,101.5196202
102,"rawang, jalan kpk 1/7",3.287684,101.5196202
103,"rawang, jalan kpk 3/1",3.2838862,101.5240179
104,"rawang, saujana teknologi rawang",3.3471731,101.5168325
105,"rawang, saujana teknologi rawang",3.3471731,101.5168325
106,"rawang, saujana teknologi rawang",3.3471731,101.5168325
107,"semenyih, off jalan bangi lama",2.9271989,101.8265318
108,"semenyih, off jalan bangi lama",2.9271989,101.8265318
109,"rawang, jalan kuala garing",3.3275211,101.5615303
110,"rawang, off jalan batu arang",3.3988629,101.441665
111,"rawang, jalan besar garing utama",3.3326175,101.5734344
112,"rawang, jalan perusahaan 3",3.3370795,101.5769715
113,"rawang, jalan perusahaan 7",3.3364838,101.5765569
114,"selayang, jalan batu caves",3.2353438,101.6894851
119,"rawang, jalan brp 9/1b",3.2332816,101.5619325
120,"rawang, jalan brp 9/1c",3.2343202,101.5615489
121,"rawang, jalan brp 9/1b",3.2332816,101.5619325
122,"rawang, jalan brp 9/1c",3.2343202,101.5615489
123,"selayang, jalan su 26",3.2355141,101.645993
124,"selayang, jalan su 24",3.2349956,101.6436766
125,"selayang, jalan su 26",3.2355141,101.645993
126,"selayang, jalan su 27",3.2381673,101.6406519
127,"selayang, jalan 2/4",3.2591127,101.6606561
128,"selayang, jalan 2/5",3.2424879,101.6594489
129,"selayang, jalan bidara 2/5",3.2444166,101.642389
130,"selayang, jalan 2/5",3.2424879,101.6594489
131,"selayang, jalan bidara 1",3.2408361,101.6423798
132,"selayang, jalan bidara 1",3.2408361,101.6423798
133,"selayang, jalan sesama",3.2386598,101.702101
134,"selayang, jalan sesama",3.2386598,101.702101
135,"selayang, jalan sesama",3.2386598,101.702101
136,"selayang, lorong perusahaan ringan 1",3.2377871,101.7012485
137,"selayang, jalan sesama",3.2386598,101.702101
138,"selayang, jalan indah 10a",3.2471089,101.6606547
139,"selayang, jalan indah 10d",3.2468017,101.6614319
140,"selayang, jalan indah 10b",3.2471286,101.6612434
141,"selayang, jalan indah 10d",3.2468017,101.6614319
142,"selayang, jalan indah 10e",3.2470527,101.6618374
143,"selayang, jalan indah 10d",3.2468017,101.6614319
144,"selayang, jalan indah 10b",3.2471286,101.6612434
145,"selayang, jalan indah 10b",3.2471286,101.6612434
146,"selayang, jalan 4",3.2507261,101.654706
147,"selayang, & aiÅLaiÅLaiÅLaiÅLaiÅL, jalan 4",3.2492516,101.6563013
148,"selayang, & aiÅLaiÅLaiÅLaiÅLaiÅL, jalan 4",3.2492516,101.6563013
149,"selayang, jalan 2",3.2561532,101.6583089
150,"selayang, jalan 2",3.2561532,101.6583089
151,"selayang, jalan selayang baru",3.2440793,101.6640444
152,"selayang, &aiÅLaiÅLaiÅLaiÅLaiÅL, jalan 2",3.256832,101.6577015
153,"selayang, & aiÅLaiÅLaiÅLaiÅLaiÅL, off jalan rawang - ipoh",3.224961,101.671342
154,"selayang, jalan besar",3.2498386,101.6571341
155,"selayang, jalan besar",3.2498386,101.6571341
156,"selayang, jalan ps 3",3.249253,101.6455512
157,"selayang, jalan ps 3",3.249253,101.6455512
158,"selayang, jalan ps 3",3.249253,101.6455512
159,"selayang, jalan ps 3",3.249253,101.6455512
160,"selayang, jalan ps 3",3.249253,101.6455512
161,"selayang, jalan ps 4",3.249507,101.644796
162,"selayang, jalan ps 4",3.249507,101.644796
163,"selayang, jalan ps 3",3.249253,101.6455512
164,"selayang, prima selayang",3.244823,101.6525858
165,"selayang, jalan ps 3",3.249253,101.6455512
166,"selayang, jalan perusahaan 1",3.2315323,101.68252
167,"selayang, jalan perusahaan amari",3.2313616,101.6833966
168,"selayang, jalan perusahaan 1",3.2315323,101.68252
169,"selayang, jalan perusahaan amari",3.2313616,101.6833966
170,"selayang, jalan perusahaan amari",3.2313616,101.6833966
171,"selayang, jalan perusahaan 1",3.2315323,101.68252
173,"selayang, jalan perusahaan amari",3.2313616,101.6833966
174,"selayang, jalan perusahaan amari",3.2313616,101.6833966
175,"selayang, jalan perusahaan amari",3.2313616,101.6833966
176,"petaling jaya, jalan pjs 5/26",3.0760734,101.624567
177,"petaling jaya, jalan pjs 5/26",3.0760734,101.624567
178,"petaling jaya, jalan pjs 5/26",3.0760734,101.624567
179,"petaling jaya, jalan 51/205, the highway centre",3.0916829,101.6326616
180,"petaling jaya, jalan 51/205, the highway centre",3.0916829,101.6326616
181,"petaling jaya, jalan 51/205",3.0915313,101.632296
182,"petaling jaya, jalan 51/205 highway centre",3.0916829,101.6326616
183,"petaling jaya, jalan ss 26/15",3.1164862,101.6024476
184,"petaling jaya, jalan ss 26/15",3.1164862,101.6024476
185,"petaling jaya, jalan ss26/13",3.1157128,101.6051882
186,"petaling jaya, jalan ss 26/11",3.1164082,101.6038827
187,"petaling jaya, jalan ss 26/15",3.1164862,101.6024476
188,"petaling jaya, jalan ss 26/13",3.1164481,101.6031522
189,"petaling jaya, jalan ss 26/13",3.1164481,101.6031522
190,"petaling jaya, jalan ss 26/13",3.1164481,101.6031522
191,"petaling jaya, jalan ss 26/13",3.1164481,101.6031522
192,"petaling jaya, jalan pjs 1/21a",3.0781836,101.6443089
193,"petaling jaya, jalan pjs 1/21a",3.0781836,101.6443089
194,"petaling jaya, jalan pjs 1/21a",3.0781836,101.6443089
195,"petaling jaya, jalan petaling utama 3 (pjs 1/28)",3.0809721,101.6459513
196,"petaling jaya, jalan petaling utama (jalan pjs 1/28)",3.0810549,101.646244
197,"petaling jaya, jalan pjs 1/21a",3.0781836,101.6443089
198,"petaling jaya, jalan pjs 1/21a",3.0781836,101.6443089
199,"petaling jaya, jalan pjs 1/21a",3.0781836,101.6443089
200,"petaling jaya, jalan pjs 1/30",3.0802136,101.6455263
201,"petaling jaya, jalan petaling utama 5",3.0809158,101.6492916
202,"petaling jaya, jalan ss 25/41",3.1101886,101.5954058
203,"petaling jaya, jalan ss 25/28",3.1148232,101.5969885
204,"petaling jaya, jalan ss 25/28",3.1148232,101.5969885
205,"petaling jaya, jalan ss 25/28",3.1148232,101.5969885
206,"petaling jaya, jalan ss 25/28",3.1148232,101.5969885
207,"petaling jaya, jalan ss25/28",3.1141003,101.5984093
208,"petaling jaya, jalan ss 25/32",3.1156445,101.5958787
209,"petaling jaya, jalan ss 25/28",3.1148232,101.5969885
210,"petaling jaya, jalan ss 25/32",3.1156445,101.5958787
211,"petaling jaya, jalan medan 3 @ jalanpjs 3/2",3.072113,101.635145
212,"petaling jaya, jalan medan 3 @ jalanpjs 3/2",3.072113,101.635145
213,"petaling jaya, jalan pjs 3/6",3.0739444,101.6331293
214,"petaling jaya, jalan pjs 3/7",3.0737873,101.6347668
215,"petaling jaya, jalan ss 25/28",3.1148232,101.5969885
216,"petaling jaya, jalan pjs 3/6",3.0739444,101.6331293
217,"petaling jaya, jalan pjs 3/7 (medan 7)",3.07319,101.6346179
218,"petaling jaya, jalan pjs 3/6",3.0739444,101.6331293
219,"petaling jaya, jalan pjs 3/2",3.0755869,101.6333373
220,"petaling jaya, jalan pjs 3/4",3.0746116,101.6335696
221,"petaling jaya, jalan pjs 3/4",3.0746116,101.6335696
222,"petaling jaya, jalan kemajuan, pj industraial park",3.112337,101.6396708
223,"petaling jaya, jalan kemajuan",3.1131202,101.6410587
224,"petaling jaya, jalan kemajuan",3.1131202,101.6410587
225,"petaling jaya, jalan kemajuan, pj inds park",3.112337,101.6396708
226,"petaling jaya, jalan kemajuan (pj industrial park)",3.112337,101.6396708
227,"petaling jaya, jalan kemajuan, pj industrial park",3.112337,101.6396708
228,"petaling jaya, jalan kemajuan",3.1131202,101.6410587
229,"petaling jaya, jalan kemajuan",3.1131202,101.6410587
230,"petaling jaya, jalan kemajuan",3.1131202,101.6410587
231,"petaling jaya, jalan kemajuan",3.1131202,101.6410587
232,"klang, jalan sungai jeluh 32/192",2.9906872,101.5178843
233,"klang, jalan sungai jeluh 32/192",2.9906872,101.5178843
234,"klang, jalan sungai jeluh 32/192",2.9906872,101.5178843
235,"klang, jalan sungai jeluh 32/191",2.9908569,101.518872
236,"klang, jalan sungai jeluh 32/192",2.9906872,101.5178843
237,"klang, jalan sungai jeluh 32/191",2.9908569,101.518872
238,"klang, jalan sungai jeluh 32/191",2.9908569,101.518872
239,"klang, jalan sungai jeluh 32/192",2.9906872,101.5178843
240,"klang, jalan sungai jeluh 32/192",2.9906872,101.5178843
242,"klang, jalan sungai jeluh 32/189",2.9948035,101.5136035
243,"klang, jalan sungai jeluh 32/189",2.9948035,101.5136035
244,"klang, jalan sungai jeluh 32/189",2.9948035,101.5136035
245,"klang, jalan sungai jeluh 32/189 (p/l 3799)",2.9948035,101.5136035
246,"klang, jalan sungai jeluh 32/189, bukit naga",2.9947381,101.5140152
247,"klang, jalan sungai jeluh 32/189, bkit naga, seksyen 32",2.9948035,101.5136035
248,"klang, jalan sungai jeluh 32/189",2.9948035,101.5136035
249,"klang, jalan sungai jerluh 32/189",3.0002958,101.5158001
250,"klang, jlaan sungai jeluh 32/189",2.9948035,101.5136035
251,"petaling jaya, jalan 51/225a zon industri pjct",3.1120281,101.7525301
252,"petaling jaya, jalan 51a/227",3.0992492,101.6323115
253,"petaling jaya, jalan 51a/225a (zon industri pjct)",3.091744,101.628827
254,"petaling jaya, jalan 51/203a",3.0884081,101.6349721
255,"petaling jaya, jalan 51a/225",3.0928157,101.6287865
256,"petaling jaya, jalan 51/213",3.0934529,101.6395066
257,"petaling jaya, lorong 51a/227c",3.100167,101.6312207
259,"klang, jalan ikan mata duyung",2.9646963,101.3910907
260,"klang, jalan ikan mata duyung",2.9646963,101.3910907
261,"klang, jalan ikan mata duyung",2.9646963,101.3910907
262,"klang, jalan ikan mata duyung",2.9646963,101.3910907
267,"klang, jalan permata 9a/ks9",2.962175,101.462513
268,"klang, jalan permata 8",2.9633575,101.4513585
270,"klang, jalan permata 9a/ks9",2.962175,101.462513
271,"klang, jalan permata 9a/ks9",2.962175,101.462513
273,"klang, jalan hj. abdul karim 53",3.015697,101.4617879
274,"klang, jalan rebana 3",3.0062674,101.4558039
275,"klang, jalan rebana 3",3.0062674,101.4558039
276,"klang, jalan rebana 10",3.0047598,101.4547874
277,"klang, lorong seruling 59/1",3.0007065,101.4599023
278,"klang, jalan rebana 10, off jalan seruling 59",3.0052403,101.4538072
279,"klang, lorong haji abdul karim 19b",3.0074429,101.4557788
280,"klang, jalan rebana",3.0029148,101.4544179
281,"klang, jalan hj abdul karim 33",3.013575,101.4598568
282,"klang, jalan permata 2a/ks9",2.9634285,101.4632435
283,"klang, jalan permata 2a/ks9",2.9634285,101.4632435
284,"klang, jalan permata 2",2.9649109,101.4517484
285,"klang, jalan permata 2b/ks9",2.9634289,101.4621092
286,"klang, jalan permata 2b/ks9",2.9634289,101.4621092
289,"klang, jalan permata 2b/ks9",2.9634289,101.4621092
290,"klang, jalan permata 9a/ks9",2.962175,101.462513
291,"klang, jalan permata 2a",2.9648738,101.4626197
292,"klang, jalan seruling 58",3.0061434,101.4532295
293,"klang, jalan serunai 16",3.0107798,101.4544314
294,"klang, jalan rebena 3",3.0062674,101.4558039
295,"klang, jalan serunai 1",3.0098165,101.4476312
296,"klang, jalan rebena 3",3.0062674,101.4558039
297,"klang, jalan rebena 3",3.0062674,101.4558039
298,"klang, jalan serunai 16",3.0107798,101.4544314
299,"klang, jalan serunai 1",3.0098165,101.4476312
300,"klang, jalan serunai 16",3.0107798,101.4544314
301,"klang, jalan perigi nanas 8/10, seksyen 12, fasa 1b",2.9538577,101.3203628
302,"klang, jalan sungai pinang 5/6",2.9619628,101.3309145
303,"klang, jalan perigi nenas 8/10",2.9542615,101.324993
304,"klang, jalan sungai pinang 5/6",2.9619628,101.3309145
305,"klang, jalan perigi nenas 8/10",2.9542615,101.324993
306,"klang, jalan perigi nenas 8/10",2.9542615,101.324993
307,"klang, jalan sungai pinang 5/5",2.9626244,101.3305382
308,"klang, jalan sungai pinang 5/5",2.9626244,101.3305382
309,"klang, jalan sungai pinang 5/5",2.9626244,101.3305382
310,"klang, jalan sungai pinang 5/5",2.9626244,101.3305382
311,"klang, jalan sungai chandong 19",2.9841351,101.3446304
312,"klang, lorong sungai chongdong",2.9793253,101.3444473
313,"klang, jalan sungai chandong 18",2.9826295,101.346385
314,"klang, jalan sungai chandong 18",2.9826295,101.346385
315,"klang, jalan sungai chandong 19",2.9841351,101.3446304
316,"klang, jalan sungai chandong 18",2.9826295,101.346385
317,"klang, jalan sungai chandong 16",2.9825098,101.3446385
318,"klang, jalan sungai chandong 19",2.9841351,101.3446304
319,"klang, jalan sungai chandong 11d",2.9816865,101.3499455
320,"klang, jalan sungai chandong 18e",3.0828102,101.4197942
321,"klang, jalan sungai jeluh 32/191",2.9908569,101.518872
322,"klang, jalan sungai jeluh 32/192",2.9906872,101.5178843
323,"klang, jalan sungai kayu ara 32/31",2.9849033,101.5138606
324,"klang, jalan spring 34/31, seksyen 34",3.0128985,101.5158606
325,"klang, jalan spring 34/31, seksyen 34",3.0128985,101.5158606
326,"klang, jalan spring 34/31",3.0099306,101.5137258
327,"klang, jalan teluk batu 9, batu 4 1/2",3.0012894,101.4942935
328,"klang, jalan telok batu 2",3.0300452,101.4742099
329,"klang, jalan teluk batu 1",3.030051,101.4752955
330,"klang, jalan teluk batu 1",3.030051,101.4752955
331,"klang, jalan 34/1a seksyen 34",3.0063343,101.5033458
332,"klang, jalan injap 32/4",3.0052084,101.5005554
333,"klang, jlaan 34/4",3.0055911,101.5017238
334,"klang, jalan gitar 33/3",3.026395,101.5489167
335,"klang, & aiÅLaiÅL-aiÅL, jalan gitar 33/3",3.026395,101.5489167
336,"klang, jalan gitar 33/3",3.026395,101.5489167
337,"klang, jalan gitar 33/3",3.026395,101.5489167
338,"klang, jalan gitar 33/3, seksyen 33, shah alam",3.026395,101.5489167
339,"klang, jalan gitar 33/3",3.026395,101.5489167
342,"klang, jalan 36/41",3.0239343,101.4924875
343,"klang, jalan 36/41",3.0239343,101.4924875
344,"klang, jalan 36/41, seksyen 36, shah alam",3.0239343,101.4924875
345,"klang, jalan 36/41",3.0239343,101.4924875
346,"klang, jalan 36/41",3.0239343,101.4924875
347,"klang, jalan 36/41",3.0239343,101.4924875
348,"klang, jalan 36/41",3.0239343,101.4924875
349,"klang, lorong segambut 2",3.1904372,101.67739
350,"klang, lorong seri gambut 1",2.9948986,101.4949897
351,"klang, lorong zainal abidin 13",2.9790467,101.4337018
352,"klang, lorong zainal abidin 13",2.9790467,101.4337018
353,"petaling jaya, jalan ss 25/28",3.1148232,101.5969885
354,"semenyih, jalan 6/2 seksyen 6",2.9229119,101.8644621
355,"semenyih, jalan 6/11",2.9236348,101.8655783
356,"semenyih, jalan 6/2a",2.9696356,101.8212134
357,"semenyih, jalan 6/3, seksyen 6",2.9696536,101.8212325
358,"semenyih, jalan 6/2a, seksyen 6, bandar rinching",2.9278425,101.8638537
359,"semenyih, jalan 6/4, seksyen 6, bandar rinching",2.9252045,101.8624366
360,"petaling jaya, jalan jenjarom",3.1238629,101.6130624
361,"semenyih, jalan 1",2.9753623,101.8667409
362,"semenyih, jalan 7",2.9494705,101.8315291
363,"semenyih, jalan hi-tech 5",2.9905507,101.8671799
364,"semenyih, jalan 5",2.9432084,101.8365138
365,"semenyih, jalan 3",2.9327542,101.8525177
366,"semenyih, jalan 5",2.9432084,101.8365138
367,"semenyih, jalan 1",2.9753623,101.8667409
368,"semenyih, jalan mega b",2.9555381,101.8233562
369,"semenyih, /aiÅLaiÅL, persiaran mega a",2.9594235,101.8228877
370,"semenyih, /aiÅLaiÅL, persiaran mega a",2.9594235,101.8228877
371,"semenyih, jalan mega 1a",2.9600896,101.8241646
372,"semenyih, /aiÅLaiÅL, jalan persiaran mega a",2.9594235,101.8228877
373,"semenyih, jalan mega 1a",2.9600896,101.8241646
374,"semenyih, /aiÅLaiÅL, jalan persiaran mega a",2.9594235,101.8228877
375,"semenyih, mega 22",2.9602915,101.8246585
376,"semenyih, jalan mega 2a",2.9616404,101.8252734
377,"semenyih, & aiÅLaiÅLaiÅL, jalan mega 2a",2.9567583,101.8208267
378,"semenyih, jalan semtec park 3",2.9369679,101.8222991
379,"semenyih, jalan semtec 5",2.9369679,101.8222991
380,"semenyih, jalan semtec 3",2.9369679,101.8222991
381,"semenyih, jalan semtec 4",2.9369679,101.8222991
382,"semenyih, jalan semtec park 4",2.9369679,101.8222991
383,"semenyih, jalan semtec 4",2.9369679,101.8222991
384,"semenyih, jalan semtec 3",2.9369679,101.8222991
385,"semenyih, jalan semtec park 4",2.9369679,101.8222991
386,"semenyih, jalan semtec park 4",2.9369679,101.8222991
387,"semenyih, jalan semtec park",2.9369679,101.8222991
388,"semenyih, jalan sri haneco 1/10",2.9735354,101.8648047
389,"semenyih, jalan sri haneco 1/12",2.970931,101.863182
390,"semenyih, jalan sri haneco 1/4",2.9731488,101.8652122
391,"semenyih, jalan sri haneco 1/8",2.9721123,101.8640409
392,"semenyih, sri haneco 1/4",2.9731488,101.8652122
393,"semenyih, jalan sri haneco 1/6",2.9735908,101.8647127
394,"semenyih, jalan sri haneco 1/14",2.9739055,101.8644784
395,"semenyih, jalan sri haneco 1/4",2.9731488,101.8652122
396,"semenyih, jalan sri haneco 1/10",2.9735354,101.8648047
397,"semenyih, jalan sri haneco 1/6",2.9735908,101.8647127
398,"semenyih, jalan besi 1/2",2.9367197,101.8246459
399,"semenyih, off jalan bangi lama",2.9271989,101.8265318
400,"semenyih, off jalan bangi lama",2.9271989,101.8265318
401,"semenyih, off jalan bangi lama",2.9271989,101.8265318
402,"semenyih, off jalan bangi lama",2.9271989,101.8265318
403,"semenyih, off jalan bangi lama",2.9271989,101.8265318
404,"semenyih, off jalan bangi lama",2.9271989,101.8265318
405,"semenyih, off jalan bangi lama",2.9271989,101.8265318
406,"semenyih, off jalan bangi lama",2.9271989,101.8265318
407,"semenyih, off jalan bangi lama",2.9271989,101.8265318
409,"semenyih, jalan hi tech 6/1",2.988904,101.8641153
413,"semenyih, jalan hi-tech 5",2.9905507,101.8671799
416,"semenyih, jalan hi-tech 5",2.9905507,101.8671799
420,"semenyih, jalan hi-tech 3/4",2.9871023,101.8645967
421,"semenyih, jalan hi-tech 3/4",2.9871023,101.8645967
422,"semenyih, jalan hi-tech 3/3",2.9871023,101.8645967
423,"semenyih, jalan hi-tech 3/1",2.9820749,101.874039
424,"semenyih, jalan hi-tech 3/3",2.9871023,101.8645967
425,"semenyih, jalan hi-tech 3/4",2.9871023,101.8645967
426,"semenyih, jalan villaraya 1/3a",2.9817032,101.88042
427,"semenyih, jalan villaraya 1/6",2.9831076,101.8797758
428,"semenyih, jalan 1/2",2.9759054,101.8660717
429,"semenyih, jalan villaraya 1/2",2.9804026,101.8788103
430,"semenyih, jalan villaraya 1/3",2.9804782,101.8796537
431,"semenyih, jalan 1/3a",2.9287301,101.8523319
432,"semenyih, jalan villaraya 2/1",2.9858188,101.8832953
433,"semenyih, jalan villaraya 2/1",2.9858188,101.8832953
434,"semenyih, jalan villaraya 1/7",2.9826463,101.8791733
435,"petaling jaya, jalan mj/4",3.082547,101.640917
436,"petaling jaya, jalan mj/3 medan maju jaya",3.0822249,101.642517
438,"kajang, jalan perindustrian sungai balak 1/1",3.013767,101.764791
439,"kajang, jalan jenaris 2c",3.0106227,101.8054197
440,"shah alam, jalan jemuju satu 16/13a",3.0558614,101.4997938
441,"shah alam, jalan jemuju satu 16/13a",3.0558614,101.4997938
442,"shah alam, jalan tukang 16/4 shah alam",3.0569964,101.5078771
443,"shah alam, jalan jemuju satu 16/13a",3.0558614,101.4997938
444,"shah alam, jalan 16/13c",3.052932,101.5020034
445,"shah alam, 16/11",3.0538016,101.5018995
446,"shah alam, jalan nilam 1/1",3.0683492,101.5606406
447,"shah alam, jalan nilam 1/1",3.0683492,101.5606406
448,"shah alam, jalan nilam 1/1",3.0683492,101.5606406
449,"shah alam, jalan nilam 1/8",3.0682805,101.5607126
450,"shah alam, jalan nilam 2",3.07058,101.5598862
451,"shah alam, jalan nilam 1/3",3.0680509,101.5604869
452,"shah alam, jalan nilam 1/2",3.0689011,101.5602203
453,"shah alam, jalan sungai buloh 27/101a (hicom 27)",3.022788,101.56248
454,"shah alam, jalan pendamar 27/90",3.0109263,101.5551492
455,"shah alam, jalan pendamar 27/90",3.0109263,101.5551492
456,"shah alam, jalan sungai buloh 27/101a (hicom 27)",3.022788,101.56248
457,"shah alam, jalan sungai buloh 27/101a (hicom 27)",3.022788,101.56248
458,"shah alam, jalan sungai buloh 27/101a (hicom 27)",3.022788,101.56248
459,"shah alam, jalan sungai buloh 27/101a (hicom 27)",3.022788,101.56248
460,"shah alam, jalan 27/90",3.0109263,101.5551492
462,"shah alam, jalan sungai buloh 27/101a (hicom 27)",3.022788,101.56248
463,"shah alam, jalan angklong 33/20",3.0215625,101.5472873
464,"shah alam, jalan tambur 33/19",3.0227974,101.547084
465,"shah alam, salung 33/26",3.0222726,101.5433932
466,"shah alam, jalan tamborin 33/23",3.0213227,101.5441392
467,"shah alam, jalan tabla 33/21",3.0220476,101.5458784
468,"shah alam, jalan angklung 33/20",3.0215625,101.5472873
469,"shah alam, jalan angklung 33/20",3.0215625,101.5472873
470,"shah alam, jalan tambur 33/19",3.0227974,101.547084
471,"shah alam, jalan 34/5",3.0074487,101.4977141
472,"shah alam, jalan tabla 33/21",3.0220476,101.5458784
473,"shah alam, jalan teluk batu 2",3.006831,101.492873
474,"shah alam, lorong telok batu 7",3.012497,101.4950293
475,"shah alam, /aiÅLaiÅL, jalan teluk batu 2",3.0083169,101.4912536
476,"shah alam, jalan telok batu 7",3.0064142,101.4924218
477,"shah alam, jalan telok batu 2",3.0126295,101.4893702
478,"shah alam, jalan teluk batu 9",3.0124448,101.48871
479,"shah alam, jalan teluk batu 2",3.006831,101.492873
480,"shah alam, lorong telok batu 6a",3.0121137,101.4939675
481,"shah alam, lorong telok batu 3",3.011288,101.4938523
482,"shah alam, jalan teluk batu 4",3.0066076,101.4927909
483,"shah alam, jalan industri 2",3.1938158,101.5609934
484,"shah alam, jalan omboh dua 34/1b",3.0063343,101.5033458
485,"shah alam, jalan omboh dua 34/1",3.0063343,101.5033458
486,"shah alam, jalan omboh dua 34/1b",3.0063343,101.5033458
487,"shah alam, jalan hon 34/10",3.0055546,101.4974663
488,"shah alam, jalan industri 1",3.0117901,101.5173206
489,"shah alam, jalan omboh dua 34/1b",3.0063343,101.5033458
490,"shah alam, jalan tayar 34/12",3.0075554,101.4986678
491,"shah alam, jalan sungai jerluh 32/196",3.000286,101.5171515
492,"shah alam, jalan tayar 34/12",3.0075554,101.4986678
493,"shah alam, jalan serendah 26/41",3.0322044,101.5637735
494,"shah alam, jalan serendah 26/40",3.0295459,101.5631599
495,"shah alam, jalan serendah 26/39",3.0304767,101.5633407
496,"shah alam, jalan serendah 26/41",3.0322044,101.5637735
497,"shah alam, jalan 26/39",2.9998692,101.5476984
498,"shah alam, jalan serendah 26/39",3.0304767,101.5633407
499,"shah alam, jalan 26/4",3.0279592,101.5584473
500,"shah alam, jalan 26/8",3.0374639,101.5707315
501,"shah alam, jalan bagan nira 26/8",3.0281753,101.559468
502,"shah alam, jalan bulan u5/171",3.1612136,101.5510625
503,"shah alam, jalan bulan u5/172",3.1604351,101.5513531
504,"shah alam, jalan bulan u5/171",3.1612136,101.5510625
505,"shah alam, jalan bulan u5/170",3.1597331,101.5528202
506,"shah alam, jalan bulan u5/172",3.1604351,101.5513531
507,"shah alam, jalan bulan u5/171",3.1612136,101.5510625
508,"shah alam, jalan bulan u5/168",3.1629158,101.550936
509,"shah alam, jalan u5/172",3.160437,101.5515307
510,"shah alam, jalan bulan u5/172",3.1604351,101.5513531
511,"shah alam, jalan bulan u5/171",3.1612136,101.5510625
512,"shah alam, jalan anggerik mokara 31/53",2.9818908,101.5471375
513,"shah alam, jalan anggerik mokara 31/63",2.9748404,101.5422573
514,"shah alam, jalan sungai jeluh 32/201",2.9895282,101.516735
515,"shah alam, jalan sungai jeluh 32/201",2.9895282,101.516735
516,"shah alam, jalan anggerik mokara 31/61",2.9767616,101.5413572
517,"shah alam, jalan anggerik mokara 31/63",2.9748404,101.5422573
518,"shah alam, jalan sungai jeluh 32/201",2.9895282,101.516735
519,"shah alam, jalan astaka u8/88a",3.1030428,101.5483782
520,"shah alam, jalan astaka u8/83",3.1070116,101.5441124
521,"shah alam, jalan astaka u8/88a",3.1030428,101.5483782
522,"shah alam, jalan astaka u8/84a",3.1036828,101.5462907
523,"shah alam, jalan astaka u8/83",3.1070116,101.5441124
524,"shah alam, jalan astaka u8/84",3.1046901,101.5458946
525,"shah alam, jalan astaka u8/84",3.1046901,101.5458946
526,"shah alam, jalan astaka u8/88a",3.1030428,101.5483782
527,"shah alam, jalan astaka u8/88b",3.1030428,101.5483782
528,"shah alam, jalan astaka u8/88b",3.1030428,101.5483782
529,"serendah, jalan indah 3",3.3588936,101.5968815
530,"serendah, jalan mohd taib",3.3543957,101.5708354
531,"serendah, jalan mohd taib",3.3543957,101.5708354
532,"serendah, jalan seri pagi 2",3.3485315,101.5926753
533,"serendah, jalan seri pagi 2",3.3485315,101.5926753
534,"serendah, jalan seri pagi 4",3.3478463,101.5937198
535,"serendah, jalan seri pagi 4a",3.3478463,101.5937198
536,"serendah, pust perdagangan sri pagi",3.3484044,101.5933822
537,"serendah, jalan seri pagi 4a",3.3478463,101.5937198
538,"serendah, jalan seri pagi 3",3.3482904,101.5931149
539,"serendah, jalan seri pagi 3",3.3482904,101.5931149
540,"serendah, jalan seri pagi 2",3.3485315,101.5926753
541,"serendah, jalan seri pagi 3",3.3482904,101.5931149
542,"serendah, jalan cempaka 3a/1",3.3625293,101.5682255
543,"serendah, jalan cempaka 4",3.3629867,101.5668574
544,"serendah, jalan cempaka 3",3.3616766,101.5691178
545,"serendah, jalan cempaka 1a",3.3631178,101.5687273
546,"serendah, jalan cempaka 1a",3.3631178,101.5687273
547,"serendah, jalan cempaka 1a",3.3631178,101.5687273
548,"serendah, jalan cempaka 3a",3.3621057,101.5678121
549,"serendah, jalan cempaka 3a",3.3621057,101.5678121
550,"serendah, jalan cempaka 3",3.3616766,101.5691178
551,"serendah, jalan cempaka 3",3.3616766,101.5691178
552,"serendah, jalan kesidang 1",3.3437528,101.5661004
553,"serendah, jalan kesidang 2",3.3424069,101.5670321
554,"serendah, no.37, jalan kesidang 1",3.343781,101.5625005
555,"serendah, unit k95, jalan kesidang 2",3.343781,101.5625005
556,"serendah, jalan kesidang 2",3.3424069,101.5670321
557,"serendah, jalan kesidang 1",3.3437528,101.5661004
558,"serendah, unit k15, jalan kesidang 1",3.343781,101.5625005
559,"serendah, jalan kesidang 1",3.3437528,101.5661004
560,"serendah, jalan kesidang 2",3.3424069,101.5670321
561,"serendah, jalan kesidang 2",3.3424069,101.5670321
562,"serendah, jalan kemunting 3d",3.4156969,101.5582754
563,"serendah, jalan seri pagi 3a",3.3482904,101.5931149
564,"serendah, jalan kamunting 3",3.4156969,101.5582754
565,"serendah, jalan seroja 4d",3.4133861,101.577256
566,"serendah, jalan seroja 4d",3.4133861,101.577256
567,"serendah, jalan telipot 2d/2",3.4057522,101.5950622
568,"serendah, jalan kamunting 1c",3.3905887,101.574992
569,"serendah, jalan bunga raya 6a/3",3.3792175,101.5718869
570,"serendah, jalan seroja 6d",3.4098327,101.5772958
571,"serendah, jalan seri pagi 3b",3.3915917,101.5748663
572,"subang jaya, /aiÅL aiÅLaiÅL (aiÅLaiÅLaiÅL), jalan subang 3",3.0503126,101.6008479
573,"subang jaya, /aiÅL aiÅLaiÅL (aiÅLaiÅLaiÅL), jalan subang 3",3.0503126,101.6008479
574,"subang jaya, blok d, lot 757, jalan subang 3",3.050593,101.594227
575,"subang jaya, /aiÅL/aiÅLaiÅL), jalan subang 3",3.0503126,101.6008479
576,"subang jaya, jalan subang 3",3.0503126,101.6008479
577,"subang jaya, /aiÅL/aiÅLaiÅL), jalan subang 3",3.0503126,101.6008479
578,"subang jaya, /aiÅL/aiÅLaiÅL), jalan subang 3",3.0503126,101.6008479
579,"subang jaya, /aiÅL/aiÅLaiÅL, jalan subang 3",3.0503126,101.6008479
580,"subang jaya, jalan subang 3",3.0503126,101.6008479
581,"subang jaya, /aiÅL/aiÅLaiÅL, jalan subang 3",3.0503126,101.6008479
582,"serendah, jalan kantan 2g",3.4069804,101.5686799
583,"serendah, jalan kantan 2h",3.4069679,101.5679387
584,"serendah, jalan kantan 2h",3.4069679,101.5679387
585,"serendah, jalan kantan 2i",3.4067997,101.5712312
586,"serendah, jalan kantan 2h",3.4069679,101.5679387
587,"serendah, jalan jejarum 3c",3.4090519,101.5594024
588,"serendah, jalan jejarum 2",3.4024667,101.5717561
589,"serendah, jalan melati",3.3674228,101.6124225
590,"serendah, jalan jenjarum 4a",3.4106369,101.5627066
591,"serendah, jalan jejarum 1b",3.4019299,101.5717484
592,"subang jaya, jalan tpj 9",3.043901,101.5806499
593,"subang jaya, jalan pju 1a/18 (jalan tpj 9)",3.122335,101.574278
594,"subang jaya, jalan pju 1a/8",3.1227767,101.5865336
597,"subang jaya, jalan tpj 9",3.043901,101.5806499
598,"subang jaya, jalan tpj 9",3.043901,101.5806499
599,"subang jaya, jalan tpj 3",3.043901,101.5806499
600,"subang jaya, jalan tpj 10",3.0439,101.581
601,"subang jaya, jalan tpj 3",3.043901,101.5806499
602,"subang jaya, jalan subang 7, latitude",3.0319193,101.5915355
603,"subang jaya, /aiÅL aiÅL), jalan subang 3",3.0503126,101.6008479
604,"subang jaya, jalan subang 7/1 (twin park)",3.031729,101.594056
605,"subang jaya, /aiÅL aiÅL), jalan subang 3",3.0503126,101.6008479
606,"subang jaya, /aiÅL aiÅLaiÅL), jalan subang 4",3.0462758,101.5973578
607,"subang jaya, jalan subang 4, subang light industrial park",3.0542324,101.5969255
608,"subang jaya, jalan subang 4, taman industrial sungai penaga",3.04685,101.597301
609,"subang jaya, jalan subang 3, taman industri sungai penaga",3.1225441,101.6813744
610,"subang jaya, jalan industri usj 1/13",3.050721,101.6071
611,"subang jaya, jalan industri usj 1/14",3.047643,101.604843
612,"subang jaya, jalan industri usj 1/13",3.050721,101.6071
613,"subang jaya, jalan industri usj 1/13",3.050721,101.6071
614,"subang jaya, jalan industri usj 1/4",3.04626,101.6054331
615,"subang jaya, jalan tp 7/4",3.045515,101.551896
616,"subang jaya, jalan tp 3/2",3.0456974,101.5716247
617,"subang jaya, jalan tp 7/6",3.0447775,101.5531322
618,"subang jaya, jalan tp 7/4",3.045515,101.551896
619,"subang jaya, jalan tp 7/7",3.0446386,101.5539439
620,"subang jaya, jalan tp 5a",3.0452554,101.562982
621,"subang jaya, jalan tp 3/1",3.0456353,101.5712059
622,"subang jaya, jalan tp 7/8",3.0441024,101.5546951
623,"subang jaya, jalan ts 6/10",3.0440943,101.5997354
624,"subang jaya, jalan ts 6/2",3.0387098,101.5980921
625,"subang jaya, jalan ts 6/5",3.0408216,101.5994416
626,"subang jaya, jalan ts 6",3.0388275,101.599605
627,"subang jaya, jalan ts 6/6",3.0411934,101.6001766
628,"subang jaya, jalan ts 6/7",3.0415994,101.6009024
629,"subang jaya, jalan ts 6/2",3.0387098,101.5980921
630,"subang jaya, jalan ts 6/9",3.0428618,101.600168
631,"subang jaya, jalan ts 6/5",3.0408216,101.5994416
632,"subang jaya, jalan ts 6/3",3.0404695,101.5979621
633,"subang jaya, jalan industri usj 1/11",3.049389,101.6065714
634,"subang jaya, jalan industri 1/10",3.0477142,101.6054475
635,"subang jaya, jalan industri usj 1/11",3.049389,101.6065714
637,"subang jaya, jalan usj 1/11",3.059171,101.5995194
638,"subang jaya, jalan usj 1/4, taman perinduatrian usj 1",3.047809,101.6052143
639,"subang jaya, jalan industri usj 1/14",3.047643,101.604843
640,"subang jaya, jalan industri usj 1/14",3.047643,101.604843
641,"subang jaya, jalan industri usj 1/13",3.050721,101.6071
642,"subang jaya, jalan industri 1/18",3.0474333,101.6047378
643,"kajang, jalan asa 8",2.9857048,101.8186042
644,"kajang, jalan asa 8",2.9857048,101.8186042
645,"kajang, jalan alfa impian 2",3.0086447,101.756191
646,"kajang, jalan alfa impian 2",3.0086447,101.756191
647,"kajang, jalan alfa impian 1",3.0096608,101.7560021
648,"kajang, jalan 5",3.0146627,101.7802623
649,"kajang, jalan indah 1",2.9973003,101.8070767
650,"kajang, jalan indah",2.9213062,101.7588681
651,"kajang, jalan indah 1",2.9973003,101.8070767
652,"kajang, jalan indah",2.9213062,101.7588681
653,"kajang, jalan indah",2.9213062,101.7588681
654,"kajang, jalan kidamai 2/1, taman industri kidamai 2",3.0012857,101.7636481
655,"kajang, jade industrial park",3.0071655,101.7560772
656,"kajang, jade industrial park",3.0071655,101.7560772
657,"kajang, jade industrial park",3.0071655,101.7560772
658,"kajang, jade industrial park",3.0071655,101.7560772
659,"kajang, jade industrial park",3.0071655,101.7560772
660,"kajang, jalan mega 2/1",2.9555831,101.821068
661,"kajang, mega 2/1",2.9555831,101.821068
662,"kajang, jalan mega a",2.9593928,101.8249132
663,"kajang, mega 2/1",2.9555831,101.821068
664,"kajang, jalan mega a",2.9593928,101.8249132
665,"kajang, mega 2/1",2.9555831,101.821068
666,"kajang, mega 2/1",2.9555831,101.821068
667,"kajang, jalan seksyen 1/23",2.9759012,101.7915535
668,"kajang, jalan seksyen 1/25",2.9745104,101.7924014
669,"kajang, jalan seksyen 1/18",2.9750656,101.7938416
670,"kajang, jalan seksyen 1/21",2.9757161,101.7931239
671,"kajang, jalan seksyen 1/23",2.9759012,101.7915535
672,"kajang, jalan seksyen 1/21",2.9757161,101.7931239
673,"kajang, jalan seksyen 1/27",2.9748669,101.7914137
674,"kajang, jalan seksyen 1/27",2.9748669,101.7914137
675,"kajang, jalan seksyen 1/21",2.9757161,101.7931239
676,"kajang, jalan seksyen 1/19",2.9758893,101.7941158
677,"kajang, jalan sc 5/e",2.981314,101.7731702
678,"kajang, jalan sc 4",2.98262,101.7722478
679,"kajang, jalan sc 8",2.982883,101.768985
680,"kajang, jalan sc 8",2.982883,101.768985
681,"kajang, jalan sc 8",2.982883,101.768985
682,"kajang, jalan sc 1",2.9850185,101.7734644
683,"kajang, jalan sc/2",2.9844118,101.7722189
684,"kajang, jalan sc/ 2",2.9844118,101.7722189
685,"kajang, jalan sc 6",2.9844361,101.7743845
686,"kajang, jalan sc 2",2.9844118,101.7722189
687,"kajang, jalan ba 2/1",3.0007087,101.76903
688,"kajang, jalan bukit angkat",2.9992965,101.7698894
689,"kajang, jalan ba/10",3.0060931,101.7640064
692,"kajang, jalan ba 2/1",3.0007087,101.76903
693,"kajang, jalan ba /10",3.0060931,101.7640064
695,"kajang, jalan p2/11",2.9928025,101.8006793
696,"kajang, jalan p2/9",2.9976482,101.8053527
697,"kajang, jalan p2/8",2.9976889,101.8054028
698,"kajang, jalan p2/16",2.997592,101.8050561
699,"kajang, jalan p2/16",2.997592,101.8050561
700,"kajang, jalan p2/5",2.962957,101.8262801
701,"kajang, jalan p2/16",2.997592,101.8050561
702,"kajang, jalan p4/8b",2.9610967,101.8159289
703,"kajang, jalan p4/8a",2.9601652,101.8169959
704,"kajang, jalan p 2/16",2.997592,101.8050561
705,"ampang, jalan merdeka ria 2",3.1351093,101.7636878
706,"ampang, jalan merdeka ria 2",3.1351093,101.7636878
707,"ampang, jalan merdeka ria 1",3.1347705,101.7634904
708,"ampang, jalan merdeka ria 1",3.1347705,101.7634904
709,"ampang, mewah 3/5",3.1284987,101.7656803
710,"ampang, jalan mewah 3/5",3.1290784,101.7684346
711,"ampang, jalan pandan mewah 3/4",3.1316572,101.7435895
712,"ampang, mewah 3/3",3.1278462,101.7676831
713,"ampang, mewah 3/5",3.1284987,101.7656803
714,"ampang, jalan mewah 3/5",3.1290784,101.7684346
715,"ampang, jalan 6/14",3.1813708,101.7605305
716,"ampang, jalan 6/11",3.1231101,101.7726731
717,"ampang, jalan kencana 20",3.1176181,101.7489934
718,"ampang, jalan kencana 18",3.1181884,101.7486857
719,"ampang, jalan kencana 20",3.1176181,101.7489934
720,"ampang, jalan kencana 20",3.1176181,101.7489934
721,"ampang, jalan kencana 20",3.1176181,101.7489934
722,"ampang, jalan kencana 20",3.1176181,101.7489934
723,"ampang, jalan perdana 10/8",3.1215182,101.744593
724,"ampang, jalan 2",3.1532129,101.7515103
725,"ampang, jalan 2",3.1532129,101.7515103
726,"ampang, jalan 3",3.1546183,101.7503129
727,"ampang, jalan 4",3.1570256,101.7685533
728,"ampang, jalan 2",3.1532129,101.7515103
730,"ampang, jalan 14",3.1351825,101.7597752
731,"ampang, jalan 11",3.1209697,101.7660208
732,"ampang, kampung baru cina",3.1605904,101.7402109
733,"ampang, jalan 11",3.1209697,101.7660208
734,"ampang, jalan 11",3.1209697,101.7660208
735,"ampang, jalan 11",3.1209697,101.7660208
736,"ampang, jalan 11",3.1209697,101.7660208
737,"ampang, jalan 12 kampung baru ampang tambahan",3.139439,101.764475
738,"ampang, jalan bukit permai utama 3",3.1107067,101.7540362
739,"ampang, jalan bukit permai utama 3",3.1107067,101.7540362
740,"ampang, jalan bukit permai utama 3",3.1107067,101.7540362
741,"ampang, jalan bukit permai utama 2",3.1108526,101.7544314
742,"ampang, jalan bukit permai utama tiga",3.1107067,101.7540362
743,"ampang, jalan bukit permai utama 3",3.1107067,101.7540362
744,"ampang, jalan bukit permai utaman satu",3.1101076,101.7542545
745,"ampang, jalan bukit permai utama 3",3.1107067,101.7540362
746,"ampang, jalan bukit permai utama tiga",3.1107067,101.7540362
747,"ampang, jalan bukit permai utaman satu",3.1101076,101.7542545
748,"ampang, jalan lj 3",3.1400151,101.7828143
749,"ampang, &aiÅLaiÅL-aiÅL, jalan lj 5",3.1409909,101.783363
750,"ampang, & aiÅLaiÅL-aiÅL, jalan lj3",3.14,101.782796
751,"ampang, jalan lj 3",3.1400151,101.7828143
752,"ampang, jalan lj 3",3.1400151,101.7828143
753,"ampang, & aiÅLaiÅL-aiÅL, jalan lj 5",3.1409909,101.783363
754,"ampang, & aiÅL-aiÅL, jalan lj 5",3.1409909,101.783363
755,"ampang, & aiÅLaiÅL-aiÅL, jalan lj4",3.140538,101.782903
756,"ampang, & aiÅLaiÅL-aiÅL, jalan lj 2",3.1395014,101.7827091
757,"ampang, jalan lj 2",3.1395014,101.7827091
758,"subang jaya, jalan ss 19/7, subang jaya",3.0735383,101.5783183
759,"subang jaya, jalan usj 7/3c",3.0487587,101.5928754
760,"subang jaya, jalan usj 7/3c",3.0487587,101.5928754
761,"subang jaya, usj 7/3a",3.0483302,101.5927243
762,"subang jaya, jalan usj 7/3",3.0485204,101.5920288
763,"subang jaya, jalan usj 7/3b",3.0487587,101.5928754
764,"subang jaya, jalan usj 19/4a",3.030671,101.5881537
765,"subang jaya, jalan usj 19/2",3.0300595,101.5877861
766,"subang jaya, jalan usj 19/4a",3.030671,101.5881537
767,"subang jaya, jalan usj 19/2",3.0300595,101.5877861
768,"subang jaya, jalan utama 1/6",3.0007221,101.6099395
769,"shah alam, jalan bawang putih 24/34",3.044646,101.5138917
770,"shah alam, jalan bawang putih 24/34",3.044646,101.5138917
771,"shah alam, jalan 24/35",3.0391657,101.5228524
772,"shah alam, jalan 24/35",3.0391657,101.5228524
773,"shah alam, jalan marikh u5/174",3.159025,101.552527
776,"shah alam, jalan marikh u5/173",3.159638,101.552264
777,"shah alam, jalan marikh u5/176",3.1586128,101.5516387
778,"shah alam, jalan marikh u5/175",3.1590078,101.5512981
779,"shah alam, jalan marikh u5/177",3.158009,101.552466
780,"semenyih, jalan 1, kawasan perindustrian lekas 18",2.936051,101.834158
781,"semenyih, jalan 1, kawasan perindustrian lekas 18",2.936051,101.834158
782,"semenyih, jalan besi 1/1",2.9367197,101.8246459
783,"semenyih, jalan besi 1/1",2.9367197,101.8246459
784,"semenyih, jalan besi 1/1",2.9367197,101.8246459
785,"semenyih, jalan besi 1/1",2.9367197,101.8246459
786,"semenyih, jalan besi 1/1",2.9367197,101.8246459
787,"semenyih, jalan besi 1/1",2.9367197,101.8246459
788,"semenyih, jalan besi 1/1",2.9367197,101.8246459
789,"semenyih, jalan besi 1/1",2.9367197,101.8246459
790,"semenyih, p/l 39357",2.9381528,101.8508407
791,"semenyih, p/l 39357",2.9381528,101.8508407
792,"semenyih, p/l 39357",2.9381528,101.8508407
793,"semenyih, jalan 2, kawasan perindustrian lekas 18",2.955381,101.8438628
794,"semenyih, semenyih integrated 1",2.9858114,101.8791514
795,"semenyih, semenyih integrated 1",2.9858114,101.8791514
796,"semenyih, semenyih integrated",2.9864245,101.8098709
797,"shah alam, jalan 17/58a",3.0444085,101.5094867
798,"shah alam, jalan spring 34/23",3.0099306,101.5137258
799,"batu arang, off jalan kuala selangor",3.2614616,101.4628861
800,"batu arang, off jalan kuala selangor",3.2614616,101.4628861
801,"batu arang, off jalan kuala selangor",3.2614616,101.4628861
802,"batu arang, off jalan kuala selangor",3.2614616,101.4628861
803,"batu arang, off jalan kuala selangor",3.2614616,101.4628861
804,"batu arang, kota puteri seksyen 6",3.3057679,101.4496888
805,"batu arang, off jalan kuala selangor",3.2614616,101.4628861
806,"batu arang, off jalan kuala selangor",3.2614616,101.4628861
807,"batu arang, off jalan kuala selangor",3.2614616,101.4628861
808,"batu arang, off jalan kuala selangor",3.2614616,101.4628861
809,"balakong, jalan teras 1",3.0174092,101.7375573
810,"balakong, jalan teras 3",3.0185856,101.7391403
811,"balakong, jalan teras 1",3.0174092,101.7375573
812,"balakong, jalan teras 1",3.0174092,101.7375573
813,"balakong, jalan teras 2",3.017909,101.7385077
814,"balakong, jalan 6/2",3.0167428,101.7370258
815,"balakong, jalan 7/1",3.0146816,101.7392515
816,"balakong, jalan 7/1",3.0146816,101.7392515
817,"balakong, jalan 6/2",3.0167428,101.7370258
818,"balakong, jalan perusahaan 3, industri selesa jaya 2",3.0204254,101.7449016
819,"balakong, jalan 5/1",3.0170912,101.7401252
820,"balakong, jalan 1/5",3.0205141,101.7410182
821,"balakong, jalan 2/2a",3.0205665,101.7432542
822,"balakong, jalan perusahaan 3, industri selesa jaya 2",3.0204254,101.7449016
823,"balakong, jalan 7/5",3.0138173,101.7380526
824,"balakong, jalan kb 2/15",3.0304033,101.7504884
825,"balakong, pec lot 5199",3.013545,101.7518919
826,"balakong, jalan p1 balakong",3.0305898,101.738147
827,"balakong, jalan p1",3.0305898,101.738147
828,"balakong, jalan p1",3.0305898,101.738147
829,"balakong, jalan kpb 8",3.0347141,101.7402631
830,"balakong, jalan p8 perdana 8",3.042596,101.742374
831,"balakong, off jalan balakong",3.0407083,101.7707641
832,"balakong, jalan taming 6",3.0202288,101.7352718
833,"balakong, jalan taming p/1",3.0201186,101.7398667
834,"balakong, jalan taming 6",3.0202288,101.7352718
835,"balakong, jalan taming 5",3.021023,101.7348183
836,"balakong, jalan taming 5",3.021023,101.7348183
837,"balakong, jalan taming 7",3.0204227,101.7361472
838,"balakong, jalan taming 7",3.0204227,101.7361472
839,"balakong, taming p/1",3.0178537,101.7335936
840,"balakong, jalan taming 7",3.0204227,101.7361472
841,"balakong, jalan tanming 8",3.019853,101.7366927
843,"balakong, jalan bj2t 2/2",3.0110181,101.7444072
844,"balakong, jalan bj 2-7",3.0085683,101.7384704
845,"balakong, jalan one industrial park 2, one industrial",3.0071655,101.7560772
846,"balakong, jalan one industrial park 2",3.0071655,101.7560772
847,"balakong, jalan one industrial park 2, one industrial",3.0071655,101.7560772
848,"balakong, jalan balakong jaya 6",3.0112175,101.7524347
849,"balakong, jalan perindustrian balakong jaya 2",3.0080312,101.7403249
850,"balakong, jalan balakong jaya 6",3.0112175,101.7524347
851,"balakong, jalan balakong jaya 6",3.0112175,101.7524347
852,"beranang, jalan perindustrian mahkota 7",2.8903487,101.8663025
853,"beranang, jalan perindustrian mahkota 3/e",2.8920804,101.8689001
854,"beranang, jalan perindustrian mahkota 3/e",2.8920804,101.8689001
855,"beranang, jl perusahaan 3",2.8979918,101.8602059
856,"beranang, jl perusahaan 4",2.8965515,101.8584098
857,"beranang, jalan perusahaan 1",2.895091,101.8631549
858,"beranang, jalan perusahaan 1",2.895091,101.8631549
859,"beranang, jalan perusahaan 2",2.8996352,101.861814
860,"shah alam, jalan utarid u5/29",3.1743012,101.5303263
861,"shah alam, jalan bukit kemuning",3.0152355,101.5267965
862,"shah alam, jalan bukit kemuning",3.0152355,101.5267965
863,"shah alam, batu 6 jalan bukit kemuning",3.0088833,101.5148021
864,"shah alam, jalan su 8a",3.0414652,101.5416817
865,"shah alam, jalan su 8",3.0416729,101.5421747
866,"shah alam, batu 7/2 jalan bukit kemuning p/l 1921",3.0088558,101.514816
867,"shah alam, jalan raja lumu 35/132 (p/l 1234)",3.0173267,101.5232521
868,"shah alam, jalan bukit kemuning",3.0152355,101.5267965
869,"shah alam, jalan 5 off jalan bukit rimau",2.9974469,101.5191297
870,"shah alam, jalan 5 off jalan bukit rimau",2.9974469,101.5191297
871,"shah alam, jalan 5",3.1541409,101.5266834
872,"shah alam, jalan 32/2",2.9796934,101.5337153
873,"shah alam, jalan 32/2",2.9796934,101.5337153
874,"shah alam, jalan 32/3",2.9947835,101.5078391
875,"shah alam, jalan 32/4 (tj)",2.9843427,101.515655
876,"semenyih, jalan ria 2",2.9783283,101.8227269
877,"semenyih, jalan ria 2",2.9783283,101.8227269
878,"semenyih, jalan semenyih kajang",2.9801857,101.8192082
879,"semenyih, jalan ria 2",2.9783283,101.8227269
880,"semenyih, jalan ria 2",2.9783283,101.8227269
886,"semenyih, jalan 1",2.9753623,101.8667409
887,"semenyih, jalan 1",2.9753623,101.8667409
888,"semenyih, jalan 2",2.9435395,101.8378139
889,"semenyih, jalan 1",2.9753623,101.8667409
890,"semenyih, jalan kajang jaya 1",2.9783683,101.7937496
891,"semenyih, jalan kajang jaya 1",2.9783683,101.7937496
892,"semenyih, jalan kajang jaya 1",2.9783683,101.7937496
893,"semenyih, jalan kajang jaya",2.9799721,101.7945647
894,"semenyih, jalan kajang jaya",2.9799721,101.7945647
895,"semenyih, jalan kajang jaya",2.9799721,101.7945647
896,"semenyih, jalan ria 4",2.9769351,101.8242176
897,"semenyih, jalan ria 4",2.9769351,101.8242176
898,"semenyih, jalan ria 4",2.9769351,101.8242176
899,"semenyih, jalan ria 4",2.9769351,101.8242176
900,"semenyih, jalan ria 4",2.9769351,101.8242176
901,"semenyih, jalan ria 4",2.9769351,101.8242176
902,"semenyih, jalan semenyih bangi lama",2.945151,101.842488
903,"semenyih, jalan 1, kawasan perindustrian lekas 18",2.936051,101.834158
904,"semenyih, jalan semenyih bangi lama",2.945151,101.842488
905,"semenyih, jalan semenyih bangi lama",2.945151,101.842488
906,"semenyih, jalan semenyih bangi lama",2.945151,101.842488
907,"semenyih, jalan semenyih bangi lama",2.945151,101.842488
908,"semenyih, jalan semenyih bangi lama",2.945151,101.842488
909,"shah alam, jalan omboh satu 34/1a",3.0074373,101.5042814
910,"shah alam, jalan pasaran 23/5",3.0468011,101.5412562
911,"shah alam, jalan lira u3/41/jalan 1a",3.141988,101.550887
912,"shah alam, jalan keluli 7/109 seksyen 7 shah alam",3.0640131,101.4744133
913,"shah alam, jalan keluli 7/109 seksyen 7 shah alam",3.0640131,101.4744133
914,"shah alam, jalan lira u3/41 off jalan",3.1417789,101.5501091
915,"shah alam, jalan lira u3/41",3.1417789,101.5501091
916,"shah alam, jalan keluli 7/109 seksyen 7 shah alam",3.0640131,101.4744133
917,"shah alam, jalan keluli 7/109",3.0638156,101.4745993
918,"shah alam, jalan keluli 7/109 seksyen 7 shah alam",3.0640131,101.4744133
919,"shah alam, jalan astana 1a",3.0864459,101.4524348
920,"shah alam, jalan keluli 7/109 seksyen 7 shah alam",3.0640131,101.4744133
921,"shah alam, jalan keluli 7/109 seksyen 7 shah alam",3.0640131,101.4744133
922,"shah alam, ragum 15/17",3.0689697,101.5436839
923,"shah alam, jalan anggerek mokara 31/59",2.9769147,101.5426892
924,"shah alam, jalan anggerik mokara 31/51",2.9810956,101.5481109
925,"shah alam, jalan anggerik makora 31/60",2.977829,101.54085
926,"shah alam, jalan anggerik mokara 31/60",2.977829,101.54085
927,"shah alam, jalan anggerik mokara 31/58",2.976555,101.5477965
928,"shah alam, jalan anggerik mokara 31/62",2.9758865,101.541828
929,"shah alam, jalan anggerik mokara 13/62",2.9783301,101.5398683
930,"shah alam, jalan anggerik mokara 31/62",2.9758865,101.541828
931,"shah alam, jalan sepadu 25/123a",3.0291456,101.5474687
932,"shah alam, jalan sepadu 25/123a",3.0291456,101.5474687
933,"shah alam, jalan sepadu 25/123",3.0268209,101.5441985
934,"shah alam, jalan sepadu 25/123a",3.0291456,101.5474687
935,"shah alam, jalan sepadu 25/123a",3.0291456,101.5474687
936,"shah alam, jalan pelubang 32/200",3.0105094,101.5269081
937,"shah alam, jalan sepadu 25/123a",3.0291456,101.5474687
938,"shah alam, jalan sepadu 25/123a",3.0291456,101.5474687
939,"shah alam, jalan 15/23",3.0435918,101.5019201
940,"shah alam, jalan 15/23",3.0435918,101.5019201
941,"shah alam, jalan 15/23",3.0435918,101.5019201
942,"shah alam, jalan 15/22",3.0638494,101.5442766
943,"shah alam, jalan 15/22",3.0638494,101.5442766
944,"shah alam, jalan 15/23",3.0435918,101.5019201
945,"shah alam, jalan 15/22",3.0638494,101.5442766
946,"shah alam, jalan 15/22",3.0638494,101.5442766
947,"shah alam, jalan 15/22",3.0638494,101.5442766
948,"shah alam, jalan 15/22",3.0638494,101.5442766
